Horizon (weeks),Naive (%),ARIMA (%),Signature (%),Improvement vs ARIMA (%)
1,0.26164447858797124,0.2718382891505914,0.24940521683901495,8.252359291133224
2,0.29694127030984396,0.3048196051859638,0.33365009608110885,-9.458214105866388
3,0.3287389868609016,0.33253373465645514,0.3070948890799746,7.650004473309066
4,0.3577860587429905,0.3752187527362212,0.3808455572460023,-1.49960642125388
6,0.3286085408056888,0.3564493771722768,0.3921907620094213,-10.027057732764732
8,0.3504334265867557,0.37076367831211826,0.5685038316242327,-53.33320518674209
12,0.6257359238832416,0.6796023106481219,1.230666770751511,-81.08631349087835
