Horizon (weeks),Naive (%),ARIMA (%),Signature y-only (%),Improvement y-only vs ARIMA (%),Signature joint-path (%),Improvement joint-path vs ARIMA (%)
1,4.989508896868726,41.65940863487697,10.972583430716504,73.66121173998054,64.69510639236795,-55.29530666022382
2,5.520740961175981,59.5102960129981,26.46559499013143,55.527704005453316,1557.6035198004756,-2517.3681264503666
3,6.956372210366034,71.1956621599705,58.61824385010311,17.665989652019825,9064.974401725543,-12632.481343255617
4,7.606474774253487,79.02846161157964,83.66769140792752,-5.870327856246811,14750.576780109808,-18564.89171029046
6,8.555666645479112,88.12874769881903,154.19372176676896,-74.9641584534115,16749.652727583376,-18905.889865615136
8,9.083260221292008,93.1212824205463,224.7787760286261,-141.38281839107373,14157.23354586967,-15103.00534729966
12,7.554795661061603,99.47359758122245,339.3943214337112,-241.19035571885092,10032.33429452646,-9985.424211519878
